subject_id,photo_id,image_path,body_width_px,body_height_px,silhouette_area_px,width_height_ratio,area_height_ratio,shoulder_width_px,chest_width_px,waist_width_px,hip_width_px,thigh_width_px,shoulder_body_ratio,chest_body_ratio,waist_body_ratio,hip_body_ratio,ankle,arm-length,bicep,calf,chest,forearm,height,hip,leg-length,shoulder-breadth,shoulder-to-crotch,thigh,waist,wrist
-494U-YoXOD8e8gkCuyaRLn4MLo5P8Dm2B1s59WBGdg,e6f404ebda41ebe93573d3e219c88297,train/mask/e6f404ebda41ebe93573d3e219c88297.png,473,893,139665,0.5296752519596865,156.39977603583426,237,343,461,473,192,0.5010570824524313,0.7251585623678647,0.9746300211416492,1.0,24.34395408630371,52.90237808227539,33.294395446777344,38.709510803222656,102.5260238647461,27.59909439086914,177.61099243164062,108.04713439941406,81.73643493652344,35.91569137573242,67.89127349853516,57.87279510498047,92.28617095947266,16.709131240844727
-494U-YoXOD8e8gkCuyaRLn4MLo5P8Dm2B1s59WBGdg,39a4241cb892618a694747e224d57b9e,train/mask/39a4241cb892618a694747e224d57b9e.png,448,838,125040,0.5346062052505967,149.21241050119332,226,327,438,448,182,0.5044642857142857,0.7299107142857143,0.9776785714285714,1.0,24.34395408630371,52.90237808227539,33.294395446777344,38.709510803222656,102.5260238647461,27.59909439086914,177.61099243164062,108.04713439941406,81.73643493652344,35.91569137573242,67.89127349853516,57.87279510498047,92.28617095947266,16.709131240844727
-494U-YoXOD8e8gkCuyaRLn4MLo5P8Dm2B1s59WBGdg,a00a6c0c074efbd92c894cbc77023939,train/mask/a00a6c0c074efbd92c894cbc77023939.png,545,855,127206,0.6374269005847953,148.77894736842106,231,376,545,545,211,0.4238532110091743,0.689908256880734,1.0,1.0,24.34395408630371,52.90237808227539,33.294395446777344,38.709510803222656,102.5260238647461,27.59909439086914,177.61099243164062,108.04713439941406,81.73643493652344,35.91569137573242,67.89127349853516,57.87279510498047,92.28617095947266,16.709131240844727
-494U-YoXOD8e8gkCuyaRLn4MLo5P8Dm2B1s59WBGdg,7c99b3017f21f9797851e70de084bfcb,train/mask/7c99b3017f21f9797851e70de084bfcb.png,538,835,120736,0.644311377245509,144.5940119760479,229,378,538,187,206,0.4256505576208178,0.7026022304832714,1.0,0.3475836431226766,24.34395408630371,52.90237808227539,33.294395446777344,38.709510803222656,102.5260238647461,27.59909439086914,177.61099243164062,108.04713439941406,81.73643493652344,35.91569137573242,67.89127349853516,57.87279510498047,92.28617095947266,16.709131240844727
-494U-YoXOD8e8gkCuyaRLn4MLo5P8Dm2B1s59WBGdg,3000cb26b2090db5a7d82926af8c6a83,train/mask/3000cb26b2090db5a7d82926af8c6a83.png,500,825,120632,0.6060606060606061,146.22060606060606,230,360,494,500,202,0.46,0.72,0.988,1.0,24.34395408630371,52.90237808227539,33.294395446777344,38.709510803222656,102.5260238647461,27.59909439086914,177.61099243164062,108.04713439941406,81.73643493652344,35.91569137573242,67.89127349853516,57.87279510498047,92.28617095947266,16.709131240844727
-494U-YoXOD8e8gkCuyaRLn4MLo5P8Dm2B1s59WBGdg,e62a945f9950f739ea73b90438a9e9cc,train/mask/e62a945f9950f739ea73b90438a9e9cc.png,513,865,130731,0.5930635838150289,151.13410404624278,234,365,507,513,210,0.4561403508771929,0.7115009746588694,0.9883040935672516,1.0,24.34395408630371,52.90237808227539,33.294395446777344,38.709510803222656,102.5260238647461,27.59909439086914,177.61099243164062,108.04713439941406,81.73643493652344,35.91569137573242,67.89127349853516,57.87279510498047,92.28617095947266,16.709131240844727
-5OHO2b5mRDY1rvAf07sYYtekEEX7ViEGmvRr7l4tfc,69748a13010a169df0f7cb986ac1129e,train/mask/69748a13010a169df0f7cb986ac1129e.png,549,839,125977,0.6543504171632897,150.15137067938022,260,437,549,543,184,0.4735883424408014,0.7959927140255009,1.0,0.989071038251366,22.00178337097168,46.76323318481445,28.288970947265625,35.64996337890625,99.2533950805664,24.81337547302246,164.37962341308594,92.1286849975586,75.12725830078125,33.848777770996094,60.541385650634766,52.41831970214844,87.30789947509766,15.19203758239746
-5iHTazqnmWBsnUY6ymoCw1kORMymRDaUla1eNOjgvI,0d4a9cce6294a2bdc6dae93d0d9c42a8,train/mask/0d4a9cce6294a2bdc6dae93d0d9c42a8.png,510,813,114017,0.6273062730627307,140.24231242312422,257,424,510,166,180,0.503921568627451,0.8313725490196079,1.0,0.3254901960784314,26.56500625610352,53.2885971069336,30.80095863342285,39.85494995117188,102.39127349853516,27.71979522705078,183.7188415527344,106.04412078857422,84.05552673339844,37.8564567565918,72.00437927246094,52.93408584594727,96.5964126586914,17.93659782409668
-5iHTazqnmWBsnUY6ymoCw1kORMymRDaUla1eNOjgvI,cb5e3a2ce44d28764b2b453b0950e980,train/mask/cb5e3a2ce44d28764b2b453b0950e980.png,489,815,113202,0.6,138.89815950920246,239,396,489,165,177,0.4887525562372188,0.8098159509202454,1.0,0.3374233128834356,26.56500625610352,53.2885971069336,30.80095863342285,39.85494995117188,102.39127349853516,27.71979522705078,183.7188415527344,106.04412078857422,84.05552673339844,37.8564567565918,72.00437927246094,52.93408584594727,96.5964126586914,17.93659782409668
-60o95b9oEE83BDV3GpsAVPA4TFvxuPPqtXEY5PApy8,ecff10b191d87ec602eb58621d5a8e23,train/mask/ecff10b191d87ec602eb58621d5a8e23.png,486,815,136028,0.596319018404908,166.90552147239265,268,393,485,486,216,0.551440329218107,0.808641975308642,0.9979423868312756,1.0,24.779565811157227,49.07775115966797,34.61311340332031,38.10426712036133,111.16407012939452,28.5504093170166,169.05911254882812,109.52946472167967,74.31023406982422,38.19779968261719,68.53671264648438,58.65667343139648,103.3951187133789,17.02985954284668
-60o95b9oEE83BDV3GpsAVPA4TFvxuPPqtXEY5PApy8,d9adfcab9e56b15a41704ae9e823ab06,train/mask/d9adfcab9e56b15a41704ae9e823ab06.png,478,812,133733,0.5886699507389163,164.69581280788177,264,382,476,478,214,0.5523012552301255,0.799163179916318,0.99581589958159,1.0,24.779565811157227,49.07775115966797,34.61311340332031,38.10426712036133,111.16407012939452,28.5504093170166,169.05911254882812,109.52946472167967,74.31023406982422,38.19779968261719,68.53671264648438,58.65667343139648,103.3951187133789,17.02985954284668
-67TrwlJ3GSsqPeHaa2Nb0iQ-BKZfIx4ERysQPZ0-SY,ecb8c4b1031624047de1493c7e8b3905,train/mask/ecb8c4b1031624047de1493c7e8b3905.png,523,845,129275,0.6189349112426036,152.98816568047337,253,398,514,523,173,0.4837476099426386,0.7609942638623327,0.982791586998088,1.0,20.78885269165039,42.22955703735352,24.52714157104492,29.18135643005371,93.62777709960938,21.97903823852539,146.51663208007812,87.13410186767578,67.26985931396484,31.65919685363769,52.6972770690918,41.84494400024414,74.4008560180664,15.120060920715332
-9Xvu9djN0oqidP9sUUQ-DZ6A0_upIBwARnNv7KTH3o,427dc3d3705c17c529a142290969a496,train/mask/427dc3d3705c17c529a142290969a496.png,370,804,108288,0.4601990049751244,134.6865671641791,214,305,370,370,155,0.5783783783783784,0.8243243243243243,1.0,1.0,24.674118041992188,46.94625473022461,29.940608978271484,36.81808090209961,100.15499877929688,26.143871307373047,176.6648406982422,99.81765747070312,73.94376373291016,35.744266510009766,70.81084442138672,51.81914520263672,83.86980438232422,16.372060775756836
-9Xvu9djN0oqidP9sUUQ-DZ6A0_upIBwARnNv7KTH3o,b86b7ee5c75198c7181cd4412cc76cfe,train/mask/b86b7ee5c75198c7181cd4412cc76cfe.png,357,802,105640,0.4451371571072319,131.7206982543641,210,295,357,357,152,0.5882352941176471,0.8263305322128851,1.0,1.0,24.674118041992188,46.94625473022461,29.940608978271484,36.81808090209961,100.15499877929688,26.143871307373047,176.6648406982422,99.81765747070312,73.94376373291016,35.744266510009766,70.81084442138672,51.81914520263672,83.86980438232422,16.372060775756836
-9Xvu9djN0oqidP9sUUQ-DZ6A0_upIBwARnNv7KTH3o,21a247dee01735e54febbea857b5d638,train/mask/21a247dee01735e54febbea857b5d638.png,457,781,100298,0.5851472471190781,128.4225352112676,202,347,457,159,155,0.4420131291028446,0.7592997811816192,1.0,0.3479212253829322,24.674118041992188,46.94625473022461,29.940608978271484,36.81808090209961,100.15499877929688,26.143871307373047,176.6648406982422,99.81765747070312,73.94376373291016,35.744266510009766,70.81084442138672,51.81914520263672,83.86980438232422,16.372060775756836
-9Xvu9djN0oqidP9sUUQ-DZ6A0_upIBwARnNv7KTH3o,3d15cba23e9c6fe9bfd509a4934f511a,train/mask/3d15cba23e9c6fe9bfd509a4934f511a.png,487,846,116657,0.5756501182033097,137.89243498817967,213,360,487,170,167,0.4373716632443531,0.7392197125256673,1.0,0.3490759753593429,24.674118041992188,46.94625473022461,29.940608978271484,36.81808090209961,100.15499877929688,26.143871307373047,176.6648406982422,99.81765747070312,73.94376373291016,35.744266510009766,70.81084442138672,51.81914520263672,83.86980438232422,16.372060775756836
-9Xvu9djN0oqidP9sUUQ-DZ6A0_upIBwARnNv7KTH3o,70b35a7aee34e1e817007a6f63b2af8e,train/mask/70b35a7aee34e1e817007a6f63b2af8e.png,506,861,121934,0.5876887340301974,141.61904761904762,225,391,506,170,166,0.4446640316205533,0.7727272727272727,1.0,0.3359683794466403,24.674118041992188,46.94625473022461,29.940608978271484,36.81808090209961,100.15499877929688,26.143871307373047,176.6648406982422,99.81765747070312,73.94376373291016,35.744266510009766,70.81084442138672,51.81914520263672,83.86980438232422,16.372060775756836
-9Xvu9djN0oqidP9sUUQ-DZ6A0_upIBwARnNv7KTH3o,2bb9b09ef0a4ac0ea473a8047076d395,train/mask/2bb9b09ef0a4ac0ea473a8047076d395.png,511,836,117289,0.611244019138756,140.29784688995215,226,403,511,169,163,0.4422700587084148,0.7886497064579256,1.0,0.3307240704500978,24.674118041992188,46.94625473022461,29.940608978271484,36.81808090209961,100.15499877929688,26.143871307373047,176.6648406982422,99.81765747070312,73.94376373291016,35.744266510009766,70.81084442138672,51.81914520263672,83.86980438232422,16.372060775756836
-9Xvu9djN0oqidP9sUUQ-DZ6A0_upIBwARnNv7KTH3o,b8ad9ea99fb7c76617a3922a38348090,train/mask/b8ad9ea99fb7c76617a3922a38348090.png,368,772,98725,0.4766839378238341,127.8821243523316,207,307,368,368,143,0.5625,0.8342391304347826,1.0,1.0,24.674118041992188,46.94625473022461,29.940608978271484,36.81808090209961,100.15499877929688,26.143871307373047,176.6648406982422,99.81765747070312,73.94376373291016,35.744266510009766,70.81084442138672,51.81914520263672,83.86980438232422,16.372060775756836
-9Xvu9djN0oqidP9sUUQ-DZ6A0_upIBwARnNv7KTH3o,dd4671d13fbb81bc8b4a6765d9cc9ad1,train/mask/dd4671d13fbb81bc8b4a6765d9cc9ad1.png,352,756,92848,0.4656084656084656,122.8148148148148,196,292,352,351,136,0.5568181818181818,0.8295454545454546,1.0,0.9971590909090908,24.674118041992188,46.94625473022461,29.940608978271484,36.81808090209961,100.15499877929688,26.143871307373047,176.6648406982422,99.81765747070312,73.94376373291016,35.744266510009766,70.81084442138672,51.81914520263672,83.86980438232422,16.372060775756836
-9Xvu9djN0oqidP9sUUQ-DZ6A0_upIBwARnNv7KTH3o,dab903d03ca65b3d2a0629d919a09dc2,train/mask/dab903d03ca65b3d2a0629d919a09dc2.png,497,814,111114,0.6105651105651105,136.50368550368552,223,384,497,163,154,0.448692152917505,0.772635814889336,1.0,0.3279678068410462,24.674118041992188,46.94625473022461,29.940608978271484,36.81808090209961,100.15499877929688,26.143871307373047,176.6648406982422,99.81765747070312,73.94376373291016,35.744266510009766,70.81084442138672,51.81914520263672,83.86980438232422,16.372060775756836
-9Xvu9djN0oqidP9sUUQ-DZ6A0_upIBwARnNv7KTH3o,3ef19d383e16ff7c498d1f9650b8bd8b,train/mask/3ef19d383e16ff7c498d1f9650b8bd8b.png,458,779,98500,0.5879332477535302,126.44415917843388,207,349,458,152,146,0.4519650655021834,0.7620087336244541,1.0,0.3318777292576419,24.674118041992188,46.94625473022461,29.940608978271484,36.81808090209961,100.15499877929688,26.143871307373047,176.6648406982422,99.81765747070312,73.94376373291016,35.744266510009766,70.81084442138672,51.81914520263672,83.86980438232422,16.372060775756836
-BdVKIwm3OGEfAEB56ar_HJqpYwmLXwhKKlyF0Gi4iU,f4c776abab7952840a393ac995fded6e,train/mask/f4c776abab7952840a393ac995fded6e.png,424,851,121049,0.4982373678025852,142.24324324324326,221,315,391,424,170,0.5212264150943396,0.7429245283018868,0.9221698113207548,1.0,25.46615600585937,51.1634635925293,29.09806251525879,37.15715026855469,92.7225341796875,27.15604591369629,178.9779815673828,97.8735122680664,82.30216979980469,37.23946380615234,66.81805419921875,49.03817367553711,78.92030334472656,17.399463653564453
-CQBOT5zSJk5ZYlZ4cgBP2x4lzzLLdPC6sIbhUHYddI,c4a623b8c695bc7117fe33fb477e21d8,train/mask/c4a623b8c695bc7117fe33fb477e21d8.png,470,829,145533,0.5669481302774427,175.5524728588661,257,338,432,470,186,0.5468085106382978,0.7191489361702128,0.9191489361702128,1.0,24.376115798950195,45.99767303466797,29.44034194946289,37.11942672729492,113.5492706298828,25.034324645996094,160.16490173339844,106.76206970214844,72.8509750366211,35.03535079956055,60.5288314819336,54.90545654296875,107.0347900390625,16.706375122070312
-CQBOT5zSJk5ZYlZ4cgBP2x4lzzLLdPC6sIbhUHYddI,254f7acb644d4113edf94a6fa3b3d152,train/mask/254f7acb644d4113edf94a6fa3b3d152.png,482,853,146509,0.5650644783118406,171.75732708089097,261,348,442,482,212,0.5414937759336099,0.7219917012448133,0.91701244813278,1.0,24.376115798950195,45.99767303466797,29.44034194946289,37.11942672729492,113.5492706298828,25.034324645996094,160.16490173339844,106.76206970214844,72.8509750366211,35.03535079956055,60.5288314819336,54.90545654296875,107.0347900390625,16.706375122070312
-CQBOT5zSJk5ZYlZ4cgBP2x4lzzLLdPC6sIbhUHYddI,12f608093cac0c52a41a855c694a586d,train/mask/12f608093cac0c52a41a855c694a586d.png,470,828,138019,0.5676328502415459,166.68961352657004,254,342,436,470,209,0.5404255319148936,0.7276595744680852,0.9276595744680852,1.0,24.376115798950195,45.99767303466797,29.44034194946289,37.11942672729492,113.5492706298828,25.034324645996094,160.16490173339844,106.76206970214844,72.8509750366211,35.03535079956055,60.5288314819336,54.90545654296875,107.0347900390625,16.706375122070312
-CQBOT5zSJk5ZYlZ4cgBP2x4lzzLLdPC6sIbhUHYddI,bce33b8d3f0fbe2fb08b80f7356ef4a2,train/mask/bce33b8d3f0fbe2fb08b80f7356ef4a2.png,515,837,143859,0.6152927120669056,171.87455197132616,257,352,476,515,195,0.4990291262135922,0.683495145631068,0.9242718446601942,1.0,24.376115798950195,45.99767303466797,29.44034194946289,37.11942672729492,113.5492706298828,25.034324645996094,160.16490173339844,106.76206970214844,72.8509750366211,35.03535079956055,60.5288314819336,54.90545654296875,107.0347900390625,16.706375122070312
-CQBOT5zSJk5ZYlZ4cgBP2x4lzzLLdPC6sIbhUHYddI,f7ac8f3ee0645855f088cc8d213198a0,train/mask/f7ac8f3ee0645855f088cc8d213198a0.png,525,852,162508,0.6161971830985915,190.73708920187792,271,350,460,525,209,0.5161904761904762,0.6666666666666666,0.8761904761904762,1.0,24.376115798950195,45.99767303466797,29.44034194946289,37.11942672729492,113.5492706298828,25.034324645996094,160.16490173339844,106.76206970214844,72.8509750366211,35.03535079956055,60.5288314819336,54.90545654296875,107.0347900390625,16.706375122070312
-CQBOT5zSJk5ZYlZ4cgBP2x4lzzLLdPC6sIbhUHYddI,084a938ea27cfe695205db36f9ad3145,train/mask/084a938ea27cfe695205db36f9ad3145.png,433,871,151608,0.4971297359357061,174.06199770378876,267,326,400,433,203,0.6166281755196305,0.7528868360277137,0.9237875288683602,1.0,24.376115798950195,45.99767303466797,29.44034194946289,37.11942672729492,113.5492706298828,25.034324645996094,160.16490173339844,106.76206970214844,72.8509750366211,35.03535079956055,60.5288314819336,54.90545654296875,107.0347900390625,16.706375122070312
-CQBOT5zSJk5ZYlZ4cgBP2x4lzzLLdPC6sIbhUHYddI,06284964e245e85c88a24e8036f36ddc,train/mask/06284964e245e85c88a24e8036f36ddc.png,497,829,143395,0.5995174909529554,172.97346200241253,260,351,465,497,229,0.5231388329979879,0.7062374245472837,0.9356136820925554,1.0,24.376115798950195,45.99767303466797,29.44034194946289,37.11942672729492,113.5492706298828,25.034324645996094,160.16490173339844,106.76206970214844,72.8509750366211,35.03535079956055,60.5288314819336,54.90545654296875,107.0347900390625,16.706375122070312
-ENkfo777FGDxVRXMHmkujRtZle23u0_smgNc2pQuUY,aac7c8bc568e32a2b6a3d8ecc2be2316,train/mask/aac7c8bc568e32a2b6a3d8ecc2be2316.png,335,794,115268,0.4219143576826196,145.17380352644835,212,282,331,335,161,0.6328358208955224,0.8417910447761194,0.9880597014925372,1.0,24.880470275878903,46.4306640625,29.9108829498291,39.28228759765625,94.17327880859376,25.15575790405273,162.006591796875,102.333740234375,75.34252166748047,33.09746170043945,59.270545959472656,55.3901252746582,85.31018829345703,16.6101131439209
-ENkfo777FGDxVRXMHmkujRtZle23u0_smgNc2pQuUY,85b3dc8094cbcdf68632fdfc2bdbdbb9,train/mask/85b3dc8094cbcdf68632fdfc2bdbdbb9.png,327,784,110397,0.4170918367346938,140.8125,207,275,324,327,157,0.6330275229357798,0.8409785932721713,0.9908256880733946,1.0,24.880470275878903,46.4306640625,29.9108829498291,39.28228759765625,94.17327880859376,25.15575790405273,162.006591796875,102.333740234375,75.34252166748047,33.09746170043945,59.270545959472656,55.3901252746582,85.31018829345703,16.6101131439209
-ENkfo777FGDxVRXMHmkujRtZle23u0_smgNc2pQuUY,66ce4906e1dedb7e1cb8b8b770bbf490,train/mask/66ce4906e1dedb7e1cb8b8b770bbf490.png,376,808,117997,0.4653465346534653,146.0358910891089,216,298,366,376,165,0.574468085106383,0.7925531914893617,0.973404255319149,1.0,24.880470275878903,46.4306640625,29.9108829498291,39.28228759765625,94.17327880859376,25.15575790405273,162.006591796875,102.333740234375,75.34252166748047,33.09746170043945,59.270545959472656,55.3901252746582,85.31018829345703,16.6101131439209
-ENkfo777FGDxVRXMHmkujRtZle23u0_smgNc2pQuUY,30b50a81ba3e1ceedfdbb9a368a5ec76,train/mask/30b50a81ba3e1ceedfdbb9a368a5ec76.png,375,811,117868,0.4623921085080148,145.33662145499383,215,298,366,375,164,0.5733333333333334,0.7946666666666666,0.976,1.0,24.880470275878903,46.4306640625,29.9108829498291,39.28228759765625,94.17327880859376,25.15575790405273,162.006591796875,102.333740234375,75.34252166748047,33.09746170043945,59.270545959472656,55.3901252746582,85.31018829345703,16.6101131439209
-ENkfo777FGDxVRXMHmkujRtZle23u0_smgNc2pQuUY,1a617423c42c0419a632b28d5f6a2e92,train/mask/1a617423c42c0419a632b28d5f6a2e92.png,381,801,114347,0.4756554307116105,142.7553058676654,211,296,372,381,165,0.5538057742782152,0.7769028871391076,0.9763779527559056,1.0,24.880470275878903,46.4306640625,29.9108829498291,39.28228759765625,94.17327880859376,25.15575790405273,162.006591796875,102.333740234375,75.34252166748047,33.09746170043945,59.270545959472656,55.3901252746582,85.31018829345703,16.6101131439209
-ENkfo777FGDxVRXMHmkujRtZle23u0_smgNc2pQuUY,8f12519aa9e41d4ee8592d1b344ad5b0,train/mask/8f12519aa9e41d4ee8592d1b344ad5b0.png,378,788,111876,0.4796954314720812,141.9746192893401,210,300,369,378,166,0.5555555555555556,0.7936507936507936,0.9761904761904762,1.0,24.880470275878903,46.4306640625,29.9108829498291,39.28228759765625,94.17327880859376,25.15575790405273,162.006591796875,102.333740234375,75.34252166748047,33.09746170043945,59.270545959472656,55.3901252746582,85.31018829345703,16.6101131439209
-EujjqWPZ_L0NO_RqgxJ79mA23Tjj33cYAoFaysL4I0,9554c0272e9838ecd21efa04fcb53973,train/mask/9554c0272e9838ecd21efa04fcb53973.png,646,884,179908,0.7307692307692307,203.5158371040724,283,423,596,646,280,0.4380804953560371,0.6547987616099071,0.9226006191950464,1.0,22.742536544799805,45.37940216064453,32.74854278564453,37.94465255737305,122.96255493164062,26.89884376525879,155.54574584960938,114.80290985107422,68.06900787353516,35.909629821777344,59.71751022338867,57.096954345703125,112.93948364257812,16.802091598510742
-JvTra6b-sTRKwQQZ6DHxXMuRtvz2X0fkXKyrXyrcrk,a040c302ff99965ebe367b063d19ee20,train/mask/a040c302ff99965ebe367b063d19ee20.png,358,887,127164,0.4036076662908681,143.3641488162345,225,287,343,358,217,0.6284916201117319,0.8016759776536313,0.9581005586592178,1.0,24.74004364013672,50.97289276123047,30.681303024291992,35.23457717895508,95.77923583984376,27.324010848999023,174.0694122314453,96.9201431274414,81.30386352539062,35.66278076171875,65.10942077636719,50.87236785888672,82.21373748779297,17.28766632080078
-McEo6mC4tLSFy7VWC75sy6J50qMBLo79tWDcaCagVM,7d1f50c43f01c5945dc00ba07af0228e,train/mask/7d1f50c43f01c5945dc00ba07af0228e.png,562,866,155097,0.648960739030023,179.0958429561201,273,393,491,562,202,0.4857651245551601,0.699288256227758,0.8736654804270463,1.0,25.37160873413086,53.50772476196289,39.0116081237793,40.85094451904297,122.19342041015624,33.70765686035156,180.6703948974609,110.95491027832033,85.37957000732422,40.04086685180664,67.52969360351562,56.80635452270508,109.36113739013672,19.351045608520508
-McEo6mC4tLSFy7VWC75sy6J50qMBLo79tWDcaCagVM,2bdf0d2809368c3baa494c98f1fec717,train/mask/2bdf0d2809368c3baa494c98f1fec717.png,487,847,139238,0.5749704840613932,164.3896103896104,259,329,389,487,155,0.5318275154004107,0.675564681724846,0.7987679671457906,1.0,25.37160873413086,53.50772476196289,39.0116081237793,40.85094451904297,122.19342041015624,33.70765686035156,180.6703948974609,110.95491027832033,85.37957000732422,40.04086685180664,67.52969360351562,56.80635452270508,109.36113739013672,19.351045608520508
-McEo6mC4tLSFy7VWC75sy6J50qMBLo79tWDcaCagVM,b51a1ea0bbf99b180b41dc329bade134,train/mask/b51a1ea0bbf99b180b41dc329bade134.png,306,861,125583,0.3554006968641115,145.85714285714286,270,306,248,302,157,0.8823529411764706,1.0,0.8104575163398693,0.9869281045751634,25.37160873413086,53.50772476196289,39.0116081237793,40.85094451904297,122.19342041015624,33.70765686035156,180.6703948974609,110.95491027832033,85.37957000732422,40.04086685180664,67.52969360351562,56.80635452270508,109.36113739013672,19.351045608520508
-McEo6mC4tLSFy7VWC75sy6J50qMBLo79tWDcaCagVM,c3d792e85931ccde7b0283c7f7ade11f,train/mask/c3d792e85931ccde7b0283c7f7ade11f.png,324,858,147379,0.3776223776223776,171.77039627039628,265,308,322,323,179,0.8179012345679012,0.9506172839506172,0.9938271604938272,0.9969135802469136,25.37160873413086,53.50772476196289,39.0116081237793,40.85094451904297,122.19342041015624,33.70765686035156,180.6703948974609,110.95491027832033,85.37957000732422,40.04086685180664,67.52969360351562,56.80635452270508,109.36113739013672,19.351045608520508
-McEo6mC4tLSFy7VWC75sy6J50qMBLo79tWDcaCagVM,f7d58689433ecc8df939acc88973e2ea,train/mask/f7d58689433ecc8df939acc88973e2ea.png,498,850,140753,0.5858823529411765,165.59176470588235,265,360,439,498,199,0.5321285140562249,0.7228915662650602,0.8815261044176707,1.0,25.37160873413086,53.50772476196289,39.0116081237793,40.85094451904297,122.19342041015624,33.70765686035156,180.6703948974609,110.95491027832033,85.37957000732422,40.04086685180664,67.52969360351562,56.80635452270508,109.36113739013672,19.351045608520508
-McEo6mC4tLSFy7VWC75sy6J50qMBLo79tWDcaCagVM,45ed2ce82e2773d550daf196c0c5cc98,train/mask/45ed2ce82e2773d550daf196c0c5cc98.png,486,879,150604,0.552901023890785,171.33560864618886,271,375,452,486,202,0.5576131687242798,0.7716049382716049,0.9300411522633744,1.0,25.37160873413086,53.50772476196289,39.0116081237793,40.85094451904297,122.19342041015624,33.70765686035156,180.6703948974609,110.95491027832033,85.37957000732422,40.04086685180664,67.52969360351562,56.80635452270508,109.36113739013672,19.351045608520508
-McEo6mC4tLSFy7VWC75sy6J50qMBLo79tWDcaCagVM,ce2846f0341ce602678ceea918d70055,train/mask/ce2846f0341ce602678ceea918d70055.png,398,823,133554,0.4835965978128797,162.27703523693802,260,336,381,398,158,0.6532663316582915,0.8442211055276382,0.957286432160804,1.0,25.37160873413086,53.50772476196289,39.0116081237793,40.85094451904297,122.19342041015624,33.70765686035156,180.6703948974609,110.95491027832033,85.37957000732422,40.04086685180664,67.52969360351562,56.80635452270508,109.36113739013672,19.351045608520508
-McEo6mC4tLSFy7VWC75sy6J50qMBLo79tWDcaCagVM,1d558f7b9774e6f5a8b87fe235db857b,train/mask/1d558f7b9774e6f5a8b87fe235db857b.png,480,843,140346,0.5693950177935944,166.48398576512454,256,351,432,480,240,0.5333333333333333,0.73125,0.9,1.0,25.37160873413086,53.50772476196289,39.0116081237793,40.85094451904297,122.19342041015624,33.70765686035156,180.6703948974609,110.95491027832033,85.37957000732422,40.04086685180664,67.52969360351562,56.80635452270508,109.36113739013672,19.351045608520508
-PYkXBwbmZJNo9F8GNPxL69Oy0c4qhIOD6Zz1lLN7jA,5fc141179dda05ccb315c2806eeb9cf8,train/mask/5fc141179dda05ccb315c2806eeb9cf8.png,568,844,118104,0.6729857819905213,139.93364928909952,263,450,568,159,134,0.4630281690140845,0.7922535211267606,1.0,0.2799295774647887,25.833364486694336,51.05610275268555,28.8845329284668,36.16111755371094,101.89659881591795,26.72850799560547,177.22073364257812,99.2237319946289,80.62630462646484,37.82480239868164,68.60801696777344,50.74698638916016,84.89327239990234,17.295169830322266
-PYkXBwbmZJNo9F8GNPxL69Oy0c4qhIOD6Zz1lLN7jA,a3186a8ea4f4dea9b0713a391e30db37,train/mask/a3186a8ea4f4dea9b0713a391e30db37.png,538,807,106048,0.6666666666666666,131.4101610904585,240,418,538,149,127,0.4460966542750929,0.7769516728624535,1.0,0.2769516728624535,25.833364486694336,51.05610275268555,28.8845329284668,36.16111755371094,101.89659881591795,26.72850799560547,177.22073364257812,99.2237319946289,80.62630462646484,37.82480239868164,68.60801696777344,50.74698638916016,84.89327239990234,17.295169830322266
-brqqjqyO72GBQPYhr5Qop65-BnuAvtFdWj2dLeVrak,b403e9bada264bfc40a541acd59db576,train/mask/b403e9bada264bfc40a541acd59db576.png,390,846,116313,0.4609929078014184,137.48581560283688,224,328,389,389,158,0.5743589743589743,0.841025641025641,0.9974358974358974,0.9974358974358974,26.184064865112305,50.905540466308594,28.22601127624512,37.57546615600586,98.26996612548828,26.47516822814941,176.3844451904297,95.80044555664062,79.85946655273438,36.72936630249024,66.34008026123047,52.33489227294922,79.04681396484375,16.40630531311035
-brqqjqyO72GBQPYhr5Qop65-BnuAvtFdWj2dLeVrak,b71abd8585d1243729f8c1c78ed13f7b,train/mask/b71abd8585d1243729f8c1c78ed13f7b.png,390,846,116313,0.4609929078014184,137.48581560283688,224,328,389,389,158,0.5743589743589743,0.841025641025641,0.9974358974358974,0.9974358974358974,26.184064865112305,50.905540466308594,28.22601127624512,37.57546615600586,98.26996612548828,26.47516822814941,176.3844451904297,95.80044555664062,79.85946655273438,36.72936630249024,66.34008026123047,52.33489227294922,79.04681396484375,16.40630531311035
-brqqjqyO72GBQPYhr5Qop65-BnuAvtFdWj2dLeVrak,f072ebfc48919ef07c786717e8ef7dd2,train/mask/f072ebfc48919ef07c786717e8ef7dd2.png,325,855,121307,0.3801169590643274,141.87953216374268,227,301,325,322,165,0.6984615384615385,0.926153846153846,1.0,0.9907692307692308,26.184064865112305,50.905540466308594,28.22601127624512,37.57546615600586,98.26996612548828,26.47516822814941,176.3844451904297,95.80044555664062,79.85946655273438,36.72936630249024,66.34008026123047,52.33489227294922,79.04681396484375,16.40630531311035
-brqqjqyO72GBQPYhr5Qop65-BnuAvtFdWj2dLeVrak,ec74a50e1819bef59b62476dd4226925,train/mask/ec74a50e1819bef59b62476dd4226925.png,327,861,122231,0.3797909407665505,141.96399535423924,226,302,327,323,165,0.691131498470948,0.9235474006116208,1.0,0.9877675840978594,26.184064865112305,50.905540466308594,28.22601127624512,37.57546615600586,98.26996612548828,26.47516822814941,176.3844451904297,95.80044555664062,79.85946655273438,36.72936630249024,66.34008026123047,52.33489227294922,79.04681396484375,16.40630531311035
-brqqjqyO72GBQPYhr5Qop65-BnuAvtFdWj2dLeVrak,5d1f955b63f176fc68debead94c7a130,train/mask/5d1f955b63f176fc68debead94c7a130.png,362,783,101733,0.4623243933588761,129.9272030651341,211,312,362,361,156,0.5828729281767956,0.861878453038674,1.0,0.9972375690607734,26.184064865112305,50.905540466308594,28.22601127624512,37.57546615600586,98.26996612548828,26.47516822814941,176.3844451904297,95.80044555664062,79.85946655273438,36.72936630249024,66.34008026123047,52.33489227294922,79.04681396484375,16.40630531311035
-brqqjqyO72GBQPYhr5Qop65-BnuAvtFdWj2dLeVrak,30d6ea855d2ab7c7b2184cb158316b99,train/mask/30d6ea855d2ab7c7b2184cb158316b99.png,357,757,95846,0.4715984147952444,126.61294583883752,207,307,357,355,154,0.5798319327731093,0.8599439775910365,1.0,0.9943977591036416,26.184064865112305,50.905540466308594,28.22601127624512,37.57546615600586,98.26996612548828,26.47516822814941,176.3844451904297,95.80044555664062,79.85946655273438,36.72936630249024,66.34008026123047,52.33489227294922,79.04681396484375,16.40630531311035
-brqqjqyO72GBQPYhr5Qop65-BnuAvtFdWj2dLeVrak,b97a1703a7219232212106fc43fa3825,train/mask/b97a1703a7219232212106fc43fa3825.png,296,773,100587,0.3829236739974127,130.1254851228978,209,278,296,289,162,0.706081081081081,0.9391891891891893,1.0,0.9763513513513512,26.184064865112305,50.905540466308594,28.22601127624512,37.57546615600586,98.26996612548828,26.47516822814941,176.3844451904297,95.80044555664062,79.85946655273438,36.72936630249024,66.34008026123047,52.33489227294922,79.04681396484375,16.40630531311035
-brqqjqyO72GBQPYhr5Qop65-BnuAvtFdWj2dLeVrak,51848d7dcb33156a3fa35187b42b2904,train/mask/51848d7dcb33156a3fa35187b42b2904.png,290,765,96943,0.3790849673202614,126.72287581699348,204,273,290,284,159,0.7034482758620689,0.9413793103448276,1.0,0.9793103448275862,26.184064865112305,50.905540466308594,28.22601127624512,37.57546615600586,98.26996612548828,26.47516822814941,176.3844451904297,95.80044555664062,79.85946655273438,36.72936630249024,66.34008026123047,52.33489227294922,79.04681396484375,16.40630531311035
-brqqjqyO72GBQPYhr5Qop65-BnuAvtFdWj2dLeVrak,a3a93b671f498d378cef9b77daefb7c9,train/mask/a3a93b671f498d378cef9b77daefb7c9.png,317,787,100367,0.4027954256670902,127.53113087674714,201,276,312,317,153,0.6340694006309149,0.8706624605678234,0.9842271293375394,1.0,26.184064865112305,50.905540466308594,28.22601127624512,37.57546615600586,98.26996612548828,26.47516822814941,176.3844451904297,95.80044555664062,79.85946655273438,36.72936630249024,66.34008026123047,52.33489227294922,79.04681396484375,16.40630531311035
-brqqjqyO72GBQPYhr5Qop65-BnuAvtFdWj2dLeVrak,5e2a308232e806d757d7e5baeedc7915,train/mask/5e2a308232e806d757d7e5baeedc7915.png,309,768,97039,0.40234375,126.35286458333331,199,273,309,307,155,0.6440129449838188,0.883495145631068,1.0,0.9935275080906149,26.184064865112305,50.905540466308594,28.22601127624512,37.57546615600586,98.26996612548828,26.47516822814941,176.3844451904297,95.80044555664062,79.85946655273438,36.72936630249024,66.34008026123047,52.33489227294922,79.04681396484375,16.40630531311035
-brqqjqyO72GBQPYhr5Qop65-BnuAvtFdWj2dLeVrak,00e41e2dfd7b6110d0533280665fc9a2,train/mask/00e41e2dfd7b6110d0533280665fc9a2.png,321,778,102056,0.4125964010282776,131.17737789203085,206,283,321,319,158,0.6417445482866043,0.881619937694704,1.0,0.9937694704049844,26.184064865112305,50.905540466308594,28.22601127624512,37.57546615600586,98.26996612548828,26.47516822814941,176.3844451904297,95.80044555664062,79.85946655273438,36.72936630249024,66.34008026123047,52.33489227294922,79.04681396484375,16.40630531311035
-brqqjqyO72GBQPYhr5Qop65-BnuAvtFdWj2dLeVrak,954712b2eb9b7e4d41bb849009843276,train/mask/954712b2eb9b7e4d41bb849009843276.png,361,754,94496,0.4787798408488063,125.3262599469496,202,299,353,361,164,0.5595567867036011,0.8282548476454293,0.9778393351800554,1.0,26.184064865112305,50.905540466308594,28.22601127624512,37.57546615600586,98.26996612548828,26.47516822814941,176.3844451904297,95.80044555664062,79.85946655273438,36.72936630249024,66.34008026123047,52.33489227294922,79.04681396484375,16.40630531311035
-brqqjqyO72GBQPYhr5Qop65-BnuAvtFdWj2dLeVrak,55893e6b63c527d73d4b27940a485eb4,train/mask/55893e6b63c527d73d4b27940a485eb4.png,379,781,103277,0.4852752880921895,132.2368758002561,215,318,373,379,171,0.5672823218997362,0.8390501319261213,0.9841688654353562,1.0,26.184064865112305,50.905540466308594,28.22601127624512,37.57546615600586,98.26996612548828,26.47516822814941,176.3844451904297,95.80044555664062,79.85946655273438,36.72936630249024,66.34008026123047,52.33489227294922,79.04681396484375,16.40630531311035
-brqqjqyO72GBQPYhr5Qop65-BnuAvtFdWj2dLeVrak,4695ecc7e3ee921f5db4ed3c0c25526f,train/mask/4695ecc7e3ee921f5db4ed3c0c25526f.png,363,755,94290,0.4807947019867549,124.88741721854304,203,305,359,363,163,0.559228650137741,0.8402203856749312,0.9889807162534436,1.0,26.184064865112305,50.905540466308594,28.22601127624512,37.57546615600586,98.26996612548828,26.47516822814941,176.3844451904297,95.80044555664062,79.85946655273438,36.72936630249024,66.34008026123047,52.33489227294922,79.04681396484375,16.40630531311035
-brqqjqyO72GBQPYhr5Qop65-BnuAvtFdWj2dLeVrak,d00b7799725d8dc5fcb69084476a855d,train/mask/d00b7799725d8dc5fcb69084476a855d.png,367,762,97024,0.4816272965879265,127.32808398950132,207,308,364,367,166,0.5640326975476839,0.8392370572207084,0.9918256130790192,1.0,26.184064865112305,50.905540466308594,28.22601127624512,37.57546615600586,98.26996612548828,26.47516822814941,176.3844451904297,95.80044555664062,79.85946655273438,36.72936630249024,66.34008026123047,52.33489227294922,79.04681396484375,16.40630531311035
-c_G-UGrzClrDaGeYF9dAts4LHTS7ucdaBFDpn_sOE0,7283add526661fbd3198a4f6ae3bb86a,train/mask/7283add526661fbd3198a4f6ae3bb86a.png,466,799,112788,0.5832290362953693,141.16145181476847,221,374,466,309,160,0.4742489270386266,0.8025751072961373,1.0,0.6630901287553648,25.29034996032715,49.6096076965332,29.87209892272949,39.482872009277344,99.97396087646484,26.237478256225582,172.86705017089844,108.0689697265625,78.5002670288086,34.663333892822266,63.54736709594727,58.38501739501953,90.38313293457033,16.210710525512695
-c_G-UGrzClrDaGeYF9dAts4LHTS7ucdaBFDpn_sOE0,c86badd86983b50f3bdf6ae7358b1542,train/mask/c86badd86983b50f3bdf6ae7358b1542.png,471,810,114197,0.5814814814814815,140.98395061728394,218,369,471,312,160,0.4628450106157112,0.7834394904458599,1.0,0.6624203821656051,25.29034996032715,49.6096076965332,29.87209892272949,39.482872009277344,99.97396087646484,26.237478256225582,172.86705017089844,108.0689697265625,78.5002670288086,34.663333892822266,63.54736709594727,58.38501739501953,90.38313293457033,16.210710525512695
-f435rmMBWdNpQenjlVoMqciq2qSKrVkdrcdeBhFadA,a477b468b6c57e5f308cf3f223f4b790,train/mask/a477b468b6c57e5f308cf3f223f4b790.png,429,807,112820,0.5315985130111525,139.80173482032217,226,346,429,424,164,0.5268065268065268,0.8065268065268065,1.0,0.9883449883449884,22.53120422363281,49.2200927734375,26.90044212341309,35.371822357177734,94.22655487060548,22.571287155151367,166.5394287109375,102.5193099975586,77.68121337890625,33.05937957763672,59.38827133178711,53.33388137817383,82.11270904541016,14.188421249389648
-f435rmMBWdNpQenjlVoMqciq2qSKrVkdrcdeBhFadA,78e93894e0a1ab3fb4a0bba5d6f7fa2a,train/mask/78e93894e0a1ab3fb4a0bba5d6f7fa2a.png,436,811,115304,0.5376078914919852,142.1750924784217,228,350,436,432,165,0.5229357798165137,0.8027522935779816,1.0,0.9908256880733946,22.53120422363281,49.2200927734375,26.90044212341309,35.371822357177734,94.22655487060548,22.571287155151367,166.5394287109375,102.5193099975586,77.68121337890625,33.05937957763672,59.38827133178711,53.33388137817383,82.11270904541016,14.188421249389648
-fxrku1rAPX8f7w4HIrk9oRUecKAfNNFJd1xriLbB2A,7ab1e46a10302f1f0b989a41a856164b,train/mask/7ab1e46a10302f1f0b989a41a856164b.png,553,871,132750,0.634902411021814,152.4110218140069,258,433,549,357,209,0.4665461121157324,0.783001808318264,0.992766726943942,0.6455696202531646,22.063173294067383,51.9434814453125,29.01181602478028,34.99395751953125,97.8163604736328,24.351512908935547,168.27394104003906,97.56271362304688,80.80277252197266,34.313941955566406,62.23643112182617,50.93609619140625,90.39958190917967,15.613966941833496
-fxrku1rAPX8f7w4HIrk9oRUecKAfNNFJd1xriLbB2A,e43ae21d377ae58e7e751a7b58774aa8,train/mask/e43ae21d377ae58e7e751a7b58774aa8.png,524,821,117852,0.6382460414129111,143.5468940316687,246,409,521,524,197,0.4694656488549618,0.7805343511450382,0.9942748091603052,1.0,22.063173294067383,51.9434814453125,29.01181602478028,34.99395751953125,97.8163604736328,24.351512908935547,168.27394104003906,97.56271362304688,80.80277252197266,34.313941955566406,62.23643112182617,50.93609619140625,90.39958190917967,15.613966941833496
-gXu1nZDGq7CwAyObp3f3MhE0r5BBxuer9T15M92u-U,6f46e46375054c9b5c0451f93095579a,train/mask/6f46e46375054c9b5c0451f93095579a.png,386,791,110669,0.4879898862199747,139.9102402022756,209,301,386,381,177,0.5414507772020726,0.7797927461139896,1.0,0.9870466321243524,20.931018829345703,46.20817565917969,29.47761344909668,33.437435150146484,92.39200592041016,24.056921005249023,158.7543487548828,93.67941284179688,74.02307891845703,32.34389877319336,56.48509216308594,54.13359451293945,79.95699310302734,14.579545021057127
-gXu1nZDGq7CwAyObp3f3MhE0r5BBxuer9T15M92u-U,e49cbfe7022e8d2e4b9061403bdb80c1,train/mask/e49cbfe7022e8d2e4b9061403bdb80c1.png,389,812,116773,0.479064039408867,143.8091133004926,214,304,389,387,181,0.5501285347043702,0.781491002570694,1.0,0.9948586118251928,20.931018829345703,46.20817565917969,29.47761344909668,33.437435150146484,92.39200592041016,24.056921005249023,158.7543487548828,93.67941284179688,74.02307891845703,32.34389877319336,56.48509216308594,54.13359451293945,79.95699310302734,14.579545021057127
-gXu1nZDGq7CwAyObp3f3MhE0r5BBxuer9T15M92u-U,a4b604f813e9e004153741ff2fdc49a3,train/mask/a4b604f813e9e004153741ff2fdc49a3.png,441,836,123637,0.527511961722488,147.89114832535884,228,339,433,441,186,0.5170068027210885,0.7687074829931972,0.981859410430839,1.0,20.931018829345703,46.20817565917969,29.47761344909668,33.437435150146484,92.39200592041016,24.056921005249023,158.7543487548828,93.67941284179688,74.02307891845703,32.34389877319336,56.48509216308594,54.13359451293945,79.95699310302734,14.579545021057127
-gXu1nZDGq7CwAyObp3f3MhE0r5BBxuer9T15M92u-U,a22fc940a48910de63187c5b8b967356,train/mask/a22fc940a48910de63187c5b8b967356.png,446,841,125133,0.5303210463733651,148.7907253269917,230,340,438,446,188,0.515695067264574,0.7623318385650224,0.9820627802690582,1.0,20.931018829345703,46.20817565917969,29.47761344909668,33.437435150146484,92.39200592041016,24.056921005249023,158.7543487548828,93.67941284179688,74.02307891845703,32.34389877319336,56.48509216308594,54.13359451293945,79.95699310302734,14.579545021057127
-nb6YMhnr5iOO8SbyCamexRSVRxegqztWFmTJZM2X94,41a78b103d38776077e906f89c321175,train/mask/41a78b103d38776077e906f89c321175.png,585,852,128829,0.6866197183098591,151.20774647887325,216,381,545,585,233,0.3692307692307692,0.6512820512820513,0.9316239316239316,1.0,22.67784309387207,47.12709045410156,27.806718826293945,34.69304656982422,89.25285339355469,23.21061134338379,163.29432678222656,96.18466186523438,76.039306640625,31.362478256225582,58.375,50.12926864624024,78.24508666992188,15.207329750061035
-sHYg3xM3uHrzxlrZ2to6JCRvfCROFtdR8BoEarbu0Y,5fed001021024982577fd2230715ba8f,train/mask/5fed001021024982577fd2230715ba8f.png,383,836,119653,0.458133971291866,143.1255980861244,227,311,380,383,131,0.5926892950391645,0.8120104438642297,0.9921671018276762,1.0,23.362548828125,50.205039978027344,28.219707489013672,38.21259307861328,102.1435546875,25.0490665435791,176.4343719482422,106.52654266357422,81.48880767822266,34.80927276611328,64.53680419921875,52.61399459838867,93.0442352294922,15.801148414611816
-sHYg3xM3uHrzxlrZ2to6JCRvfCROFtdR8BoEarbu0Y,185faae32f2b7bf98c913821cbbcdd2f,train/mask/185faae32f2b7bf98c913821cbbcdd2f.png,507,895,141610,0.5664804469273743,158.22346368715085,262,393,506,333,145,0.5167652859960552,0.7751479289940828,0.9980276134122288,0.6568047337278107,23.362548828125,50.205039978027344,28.219707489013672,38.21259307861328,102.1435546875,25.0490665435791,176.4343719482422,106.52654266357422,81.48880767822266,34.80927276611328,64.53680419921875,52.61399459838867,93.0442352294922,15.801148414611816
-wY6jmX5fMbDHGzalzW89SDwCtn9CsItOPr--Z2bKZA,aa8ffe91715a85348e7806633330d341,train/mask/aa8ffe91715a85348e7806633330d341.png,360,776,103338,0.4639175257731959,133.16752577319588,207,284,347,360,192,0.575,0.7888888888888889,0.9638888888888888,1.0,23.3249568939209,51.56865692138672,30.8909854888916,35.068729400634766,99.2065658569336,26.8172550201416,173.0939178466797,99.77027130126952,78.52146911621094,36.5698127746582,67.3136215209961,51.37426376342773,93.46900177001952,16.450830459594727
-wY6jmX5fMbDHGzalzW89SDwCtn9CsItOPr--Z2bKZA,35613df5b04636f5caa0487ef7fa8e24,train/mask/35613df5b04636f5caa0487ef7fa8e24.png,357,773,103287,0.4618369987063389,133.6183699870634,206,280,342,357,191,0.5770308123249299,0.7843137254901961,0.957983193277311,1.0,23.3249568939209,51.56865692138672,30.8909854888916,35.068729400634766,99.2065658569336,26.8172550201416,173.0939178466797,99.77027130126952,78.52146911621094,36.5698127746582,67.3136215209961,51.37426376342773,93.46900177001952,16.450830459594727
0-XhQ-_PmaT9DVwpTEiOdhAFo0CD2e5T-32D899sQpw,6541800b63e3f708f961befaa94d2603,train/mask/6541800b63e3f708f961befaa94d2603.png,315,811,114420,0.3884093711467324,141.08508014796547,212,270,309,315,191,0.6730158730158731,0.8571428571428571,0.9809523809523808,1.0,24.34889411926269,51.80320358276367,30.544797897338867,38.399452209472656,105.03558349609376,27.075109481811523,184.33721923828125,105.42310333251952,81.873046875,38.14337921142578,70.82354736328125,50.47244644165039,98.824951171875,16.8619441986084
04OpodqGqUfmMQC987slYUMexHpuafsAbhawWfRp7wo,e8d27740282dd6739b2ee02a2fe3e7a5,train/mask/e8d27740282dd6739b2ee02a2fe3e7a5.png,451,816,130068,0.5526960784313726,159.39705882352942,255,356,431,451,165,0.565410199556541,0.7893569844789357,0.9556541019955654,1.0,25.04073143005371,49.42327117919922,33.88666915893555,39.3195686340332,110.18009185791016,28.808082580566406,174.45474243164062,110.6600341796875,78.51648712158203,38.54051971435547,67.50831604003906,57.37968444824219,99.9557113647461,17.179203033447266
04OpodqGqUfmMQC987slYUMexHpuafsAbhawWfRp7wo,96e2a5bceb2acb7fd7e5b9234505ff4f,train/mask/96e2a5bceb2acb7fd7e5b9234505ff4f.png,449,861,136965,0.521486643437863,159.0766550522648,259,360,444,449,188,0.576837416481069,0.8017817371937639,0.9888641425389756,1.0,25.04073143005371,49.42327117919922,33.88666915893555,39.3195686340332,110.18009185791016,28.808082580566406,174.45474243164062,110.6600341796875,78.51648712158203,38.54051971435547,67.50831604003906,57.37968444824219,99.9557113647461,17.179203033447266
07e9Xq9EyvLh2Ub1D-IrXCKwYPbtbcKliFRPevZsW5Q,a7ddb7ffd1109dcc3034e64f1d55cb51,train/mask/a7ddb7ffd1109dcc3034e64f1d55cb51.png,429,834,122476,0.5143884892086331,146.8537170263789,232,328,395,429,175,0.5407925407925408,0.7645687645687645,0.9207459207459208,1.0,25.252864837646484,49.73481750488281,29.829132080078125,35.584651947021484,102.67830657958984,27.3344669342041,171.52537536621094,98.98465728759766,77.57263946533203,36.68434524536133,65.53184509277344,50.31557846069336,92.9094696044922,17.122636795043945
07e9Xq9EyvLh2Ub1D-IrXCKwYPbtbcKliFRPevZsW5Q,34412e29a2290b5aaeac3d93a7f98fa2,train/mask/34412e29a2290b5aaeac3d93a7f98fa2.png,393,770,104470,0.5103896103896104,135.67532467532467,213,300,361,393,160,0.5419847328244275,0.7633587786259542,0.9185750636132316,1.0,25.252864837646484,49.73481750488281,29.829132080078125,35.584651947021484,102.67830657958984,27.3344669342041,171.52537536621094,98.98465728759766,77.57263946533203,36.68434524536133,65.53184509277344,50.31557846069336,92.9094696044922,17.122636795043945
0D-8Ft39MufsfV1e8PSPutSzSJ4BYLTcQYupqyYs52c,043e0f84792df2dc8b55d2fafabec4d6,train/mask/043e0f84792df2dc8b55d2fafabec4d6.png,614,872,140237,0.7041284403669725,160.82224770642202,247,450,609,422,238,0.4022801302931596,0.7328990228013029,0.99185667752443,0.6872964169381107,20.953752517700195,44.99239730834961,27.430883407592773,33.89942932128906,87.34469604492188,23.061843872070312,157.07015991210938,94.67545318603516,69.17514038085938,31.33038902282715,59.02237701416016,53.10393142700195,82.19783020019531,14.711585998535156
0E3196x5V49sGp00GuePdIl0QqWVXyzssZ92z7KBt1M,19c80bf3209de30adb4cadcd7d0ca6bb,train/mask/19c80bf3209de30adb4cadcd7d0ca6bb.png,509,829,121948,0.6139927623642943,147.10253317249698,225,349,484,509,171,0.4420432220039292,0.6856581532416502,0.950884086444008,1.0,25.627178192138672,53.030372619628906,32.96906661987305,38.18536758422852,105.3108367919922,29.607797622680664,181.9978179931641,104.66577911376952,79.87020111083984,40.66492462158203,72.4503402709961,54.29849243164063,84.67745208740234,19.195890426635746
0LE2aj67f6O62tt6mzfTs8MDHtjuLkfVeCRgMRPRmfg,ee80597c4a5144f727acd15d9976ec3e,train/mask/ee80597c4a5144f727acd15d9976ec3e.png,435,865,124166,0.5028901734104047,143.54450867052023,230,336,431,435,189,0.5287356321839081,0.7724137931034483,0.9908045977011494,1.0,27.225780487060547,54.95070266723633,32.503780364990234,41.16471099853516,110.59176635742188,30.38478660583496,191.72146606445312,111.42025756835938,89.01629638671875,39.30583572387695,71.49018096923828,56.92919158935547,101.06328582763672,19.44122695922852
0LE2aj67f6O62tt6mzfTs8MDHtjuLkfVeCRgMRPRmfg,acfdcd9031662bbed401388cf2130572,train/mask/acfdcd9031662bbed401388cf2130572.png,409,847,123936,0.4828807556080283,146.32349468713105,227,317,392,409,188,0.5550122249388753,0.7750611246943765,0.9584352078239609,1.0,27.225780487060547,54.95070266723633,32.503780364990234,41.16471099853516,110.59176635742188,30.38478660583496,191.72146606445312,111.42025756835938,89.01629638671875,39.30583572387695,71.49018096923828,56.92919158935547,101.06328582763672,19.44122695922852
0SyJzPv40sIj4x5bnMVcWLCvMAdjzQIzdn4_rUMwJ8o,a3996625f8e5ce0345635fc24987b459,train/mask/a3996625f8e5ce0345635fc24987b459.png,423,791,118895,0.5347661188369153,150.30973451327435,232,335,402,423,122,0.5484633569739953,0.7919621749408984,0.950354609929078,1.0,27.120737075805664,50.98413848876953,31.837631225585938,43.12046432495117,109.12569427490234,27.07539367675781,177.80682373046875,107.9964370727539,79.79304504394531,38.04731369018555,69.67972564697266,54.86402893066406,105.555908203125,17.8687744140625
0SyJzPv40sIj4x5bnMVcWLCvMAdjzQIzdn4_rUMwJ8o,4a84ba084cb4617baabc4c7a7c0e5899,train/mask/4a84ba084cb4617baabc4c7a7c0e5899.png,361,801,127685,0.4506866416978776,159.40699126092383,234,309,357,361,149,0.6481994459833795,0.8559556786703602,0.9889196675900276,1.0,27.120737075805664,50.98413848876953,31.837631225585938,43.12046432495117,109.12569427490234,27.07539367675781,177.80682373046875,107.9964370727539,79.79304504394531,38.04731369018555,69.67972564697266,54.86402893066406,105.555908203125,17.8687744140625
